x,y,label
0.017990572,-2.066001132,1
-0.197141243,-3.602735165,1
-0.471698748,-2.899493862,1
0.475803889,-2.48072985,1
-0.452284688,-3.114565944,1
-0.320211948,-2.948555011,1
-0.658493097,-3.40893939,1
-0.648649483,-3.535995689,1
0.056264022,-3.359085305,1
0.008799145,-3.96725906,1
-0.275802009,-3.505832498,1
-0.278301754,-4.507719086,1
-0.087356539,-2.726068253,1
-0.799831634,-2.942552251,1
-0.032431837,-3.363300156,1
-0.390861381,-2.312278477,1
0.386340419,-2.81571845,1
-0.08591313,-3.113575667,1
0.448228858,-2.232835208,1
-0.299120276,-3.212884414,1
-0.08360908,-2.945562017,1
-0.541243104,-4.155343669,1
1.536677591,-2.766584517,1
1.446309448,-2.677811342,1
-0.236297568,-2.054616436,1
0.199965244,-3.475884904,1
0.417728043,-3.098807245,1
0.512888071,-3.202037642,1
-0.784055482,-3.449834388,1
0.381890367,-2.597716679,1
0.056047449,-3.033668595,1
0.111988113,-2.425839733,1
-0.262775563,-3.129491376,1
0.035774708,-2.22449304,1
0.5492933,-3.760423688,1
-0.625286238,-3.658798679,1
0.449149565,-3.389949071,1
0.319050863,-2.949690472,1
0.442487136,-3.023004161,1
0.65189035,-2.938664382,1
0.448089562,-2.845721117,1
-0.045830491,-3.303553413,1
0.238081091,-3.364767579,1
0.318953558,-3.386875779,1
-0.210330557,-2.842169796,1
-0.225716061,-3.599737782,1
-0.431708419,-4.197977928,1
0.648960539,-2.881321119,1
0.601808722,-2.426553648,1
-0.315546285,-3.340124002,1
0.373585596,-2.579091682,1
-0.007845837,-3.35967609,1
0.187940573,-3.719617337,1
-0.1257137,-2.982126494,1
0.084541785,-2.712475178,1
0.79982218,-3.486436258,1
1.323141571,-2.660843708,1
0.844151109,-2.614712212,1
-0.001885757,-2.843486559,1
0.699280867,-3.452046964,1
0.315238612,-3.075443254,1
-0.454422293,-3.216989125,1
0.321546269,-2.240009155,1
0.451881163,-3.158913822,1
-0.331287235,-3.187625107,1
-0.523807188,-3.375272644,1
0.085362875,-3.280117833,1
0.181946613,-3.100173623,1
0.088652639,-1.8924195,1
-0.621605549,-3.011766255,1
-0.263290796,-3.224885008,1
-0.122908794,-3.214874618,1
0.092283372,-2.390797206,1
0.068482066,-2.950094201,1
0.273731911,-2.586681795,1
-0.631383196,-3.606897262,1
0.498161634,-2.823833947,1
0.929152467,-2.465336612,1
-0.87834629,-2.898908547,1
0.380936792,-2.553319854,1
0.584373776,-2.823838907,1
-0.430752428,-3.176180358,1
0.735089323,-2.594476645,1
-0.128775209,-3.084420731,1
-0.284025491,-2.718166525,1
-0.734842627,-2.778200526,1
0.487092816,-2.530136492,1
0.998049269,-2.763983688,1
-0.3974049,-3.145264135,1
0.004962759,-2.297310947,1
-0.351055079,-4.25958202,1
0.51347126,-2.742853942,1
-0.226022765,-2.520872622,1
0.900067178,-3.253813983,1
0.913368126,-1.919446797,1
1.043549929,-3.243481366,1
-0.182787468,-3.450089629,1
-0.017616921,-2.121761057,1
0.293755884,-2.707624128,1
-0.501003003,-2.108503938,1
0.909303539,-2.562660359,1
-0.625410322,-2.973088432,1
-0.619683989,-3.166379419,1
0.427653887,-2.542749477,1
0.182044337,-2.719748525,1
0.752264584,-1.94663307,1
0.824102033,-2.553893862,1
-0.538601121,-3.429104927,1
-0.563398751,-2.980469146,1
0.346599749,-2.872051424,1
0.089989262,-3.308363424,1
-0.862848144,-2.118401968,1
0.125777974,-3.592002634,1
0.077382891,-2.193220391,1
-1.547480191,-3.136256446,0
0.918919652,-2.085440909,1
-0.317477034,-4.081633697,1
0.547498797,-2.283010794,1
-0.190291517,-4.291717446,1
1.063836341,-1.921845621,1
-0.537853212,-3.050283148,1
-0.542328671,-2.696914943,1
0.599124449,-2.599340521,1
-0.054713306,-3.136570948,1
-0.213383632,-3.2675157,1
0.156516688,-1.850465154,1
0.373221321,-2.588323751,1
0.059160731,-3.254715398,1
0.636571932,-2.619991582,1
0.554175701,-2.901021814,1
0.902891277,-3.429028034,1
0.673492085,-2.445683376,1
-0.07488688,-3.124402912,1
-1.469947458,-2.803274635,0
0.202249082,-2.653784472,1
0.056353251,-2.97262154,1
-0.481009176,-3.019355089,1
-0.237584699,-2.375070795,1
-0.019176141,-3.153915545,1
0.206846007,-2.650125968,1
0.786353558,-2.045997675,1
0.081086642,-3.861601186,1
-0.926314294,-4.022419165,1
-0.27777897,-3.013855225,1
-0.48555459,-1.91692246,1
0.647518934,-1.796787312,1
0.186335411,-3.638829113,1
0.377242766,-2.243923511,1
-0.702994072,-3.560798483,1
-0.731617661,-3.749264691,1
0.575842316,-3.803905487,1
0.140189725,-2.782537239,1
-0.186520293,-2.647551896,1
-0.013032535,-2.850036674,1
-0.437260155,-3.316996807,1
-0.7674873,-2.60449005,1
0.894714005,-2.685773188,1
1.252623971,-2.686468617,1
-0.217004631,-3.200567846,1
0.606117601,-2.864778269,1
0.730411633,-3.31251913,1
0.429304606,-3.054353794,1
0.314760055,-2.706703888,1
-0.003997513,-3.0232676,1
-0.933606188,-2.6138975,1
-0.968180504,-3.550463218,1
0.318861339,-3.351390372,1
0.458332441,-2.646030041,1
0.264785957,-2.371587221,1
-0.589067954,-3.546351887,1
-0.341685482,-3.08984498,1
0.923283714,-2.567535765,1
-0.540297882,-3.203383647,1
-0.887608719,-2.620297865,1
-0.312322812,-2.808368557,1
-0.49068545,-3.006461647,1
-0.474920385,-2.841125772,1
0.01791409,-3.194135867,1
-0.493316498,-3.594889511,1
0.430665959,-2.871801073,1
-0.17009192,-2.454526396,1
0.415772623,-2.716236758,1
0.131388878,-2.915595689,1
-0.565755938,-3.204854016,1
-0.32805091,-2.660289206,1
-0.096702959,-3.417010732,1
-0.439583813,-3.160530065,1
-0.847010127,-3.155127852,1
0.517558877,-2.63352654,1
-0.806762562,-3.576723865,1
0.623879997,-1.910467783,1
0.281526247,-4.03160034,1
-0.437314121,-2.716264069,1
-0.786760011,-3.524655089,1
0.36558374,-2.39111816,1
-0.152902968,-2.073554588,1
0.516404947,-3.776771297,1
0.30651595,-3.161038163,1
-0.781226151,-4.163459518,1
-0.465994529,-2.35532532,1
0.023024823,-3.155078745,1
0.130748898,-2.617747831,1
0.244785489,-3.15924601,1
0.076276489,-2.033171608,1
0.44612566,-2.597149639,1
-0.53172376,-3.254419652,1
-0.198494529,-3.091162738,1
-0.701742828,-3.887387161,1
-0.989476564,-2.869884204,1
0.195541156,-3.033475692,1
-0.060613006,-3.325838551,1
0.509006213,-2.44732134,1
0.769209605,-2.896740662,1
0.239579102,-3.261823498,1
1.234612668,-2.960563331,1
-0.703107487,-3.22066189,1
-0.361919887,-2.910087722,1
-0.525525327,-3.203963663,1
-0.094508115,-2.337213124,1
0.122394895,-3.209465699,1
0.079539326,-3.282972162,1
0.705887892,-3.502430935,1
-0.032274118,-3.445800781,1
0.647643362,-3.060565287,1
0.190095853,-3.269717451,1
0.370684133,-3.277365015,1
-0.593181823,-3.153816725,1
0.959752638,-2.775042711,1
1.393588331,-2.259409706,1
0.764340764,-3.18374006,1
-0.032857774,-3.338519873,1
0.737006366,-2.070791687,1
-0.426450864,-2.782041236,1
0.215605483,-3.367279143,1
-0.292939179,-2.795441816,1
-0.528720023,-3.610422955,1
-0.11542324,-2.105417139,1
-0.536738179,-3.306491951,1
-0.130836247,-2.586504378,1
0.144835564,-4.265373256,1
-0.051597206,-3.431759865,1
0.412339878,-2.995503543,1
-0.075596604,-3.39287659,1
0.483019225,-3.225994981,1
-0.336290593,-3.23838424,1
-0.665374284,-3.221707662,1
0.0829595,-3.517556894,1
-0.907687596,-3.342864761,1
0.172122914,-2.907549086,1
-0.020390583,-3.007844302,1
0.030104881,-2.692292855,1
0.345422307,-2.826507949,1
0.066426298,-3.134218172,1
-0.28408902,-3.554990179,1
-0.588803772,-3.16761832,1
0.734532278,-2.164115508,1
0.304045255,-3.568092135,1
-0.963109002,-3.376833681,1
0.819503368,-2.257826396,1
-0.641784733,-2.7929854,1
0.167917912,-2.827725783,1
0.582440507,-3.701133301,1
0.746383076,-2.982347368,1
-0.341394908,-3.46727559,1
-0.053657259,-1.874509719,1
0.445323703,-2.120636393,1
0.290884928,-2.863866446,1
0.228399763,-3.038419918,1
1.379787565,-3.325988664,1
-0.028428521,-2.992445273,1
0.162656741,-3.124013188,1
0.656364201,-2.490736494,1
0.575569067,-2.417523853,1
0.660408198,-2.900695844,1
0.736224206,-1.992248031,1
-0.064618124,-2.387673251,1
1.129279174,-3.634132334,1
0.124562652,-2.937385028,1
-0.542830893,-3.258697591,1
1.358478719,-2.844435048,1
-0.740033985,-3.651756047,1
0.026912422,-2.77805001,1
0.024795141,-2.385923672,1
0.028599071,-2.884995684,1
0.231737443,-3.304227092,1
0.349679351,-2.249468522,1
1.496509477,-2.323293059,1
0.1729423,-2.367743773,1
0.068875195,-3.116531331,1
-0.4385469,-2.628797971,1
0.218173738,-2.386883881,1
0.311441745,-3.195493035,1
0.196268829,-2.912575097,1
-0.394546679,-3.357551973,1
0.082118376,-2.461060471,1
-1.083884744,-3.731200529,1
-0.19155408,-2.132698445,1
-1.06931105,-2.970921838,1
1.355063462,-3.575066737,1
-0.159642998,-2.451683191,1
6.948717557,-5.360680637,1
6.881628335,-5.037268067,1
6.527618956,-3.780583621,1
6.739407535,-5.099239735,1
5.920063471,-6.059430334,1
5.990561167,-4.123212999,1
5.416452214,-5.093204926,1
5.429183359,-5.303016016,1
7.007890918,-4.850307916,1
6.644045823,-4.253272206,1
5.265845372,-5.679515572,1
6.82084129,-5.644024185,1
6.153671603,-5.001798874,1
6.170270788,-4.50125284,1
5.542819554,-3.830846106,1
5.875212457,-4.44924983,1
5.220378633,-4.154055791,1
6.185729452,-5.90726014,1
5.076615993,-5.526105464,1
5.376766112,-4.666158107,1
5.698525323,-4.971781623,1
5.391805657,-5.353583754,1
6.684360049,-4.54667176,1
7.102859775,-5.14749867,1
6.920147111,-4.262626075,1
6.66149237,-4.484783942,1
7.391874653,-4.154151726,1
6.259712176,-4.952106269,1
7.176079708,-4.779588684,1
5.915486389,-5.301907918,1
6.520416137,-4.432729411,1
6.579051208,-4.681622935,1
5.210871821,-4.79300421,1
5.72547782,-4.974826551,1
4.491593896,-5.564775914,1
7.002587118,-4.735710873,1
6.474880753,-4.563679953,1
5.414304443,-4.881543047,1
6.819928971,-4.740343195,1
6.761215787,-4.581426478,1
5.872849159,-5.338664135,1
6.355360914,-4.200038255,1
4.912346107,-5.62138185,1
5.191136195,-5.962245022,1
8.084973746,-4.009309358,1
5.726626186,-5.962360326,1
5.740023574,-5.459397249,1
5.814762799,-5.212432966,1
6.820911591,-5.767684625,1
4.354669822,-5.634817455,1
6.731871275,-4.409752989,1
6.573693847,-4.213588927,1
5.657511662,-5.351590817,1
6.382571434,-3.884535097,1
5.540958571,-5.856150947,1
6.066893933,-4.373264545,1
6.852299154,-4.013418691,1
5.986644706,-6.046762032,1
6.826014681,-4.503156322,1
6.555964581,-5.114317748,1
5.379277876,-4.32452108,1
5.318435205,-5.919687671,1
5.842593278,-4.991977149,1
5.328294292,-5.459350136,1
5.804708516,-5.173480979,1
7.152510023,-5.583498287,1
5.36539866,-4.95331751,1
4.936149826,-4.322456546,1
6.688207682,-4.221544061,1
5.645435029,-5.045622429,1
5.217668559,-5.973333136,1
6.221423691,-4.79877616,1
6.069289507,-6.394991308,1
5.657828631,-4.228635347,1
6.157774275,-4.502276281,1
5.685347297,-4.42488512,1
6.43157273,-4.893053154,1
5.930724928,-6.422570756,1
6.059221649,-4.658172133,1
6.506150703,-4.93228899,1
6.101644977,-5.443920749,1
5.952686531,-4.613297854,1
6.201402936,-4.389953791,1
5.545612655,-5.972095217,1
6.264636517,-4.987864478,1
6.201925067,-3.428899751,1
7.526214815,-5.173238295,1
5.150256675,-4.652727043,1
6.172001347,-5.166804605,1
6.233123669,-3.391597709,1
4.366876277,-5.87762783,1
5.891669198,-4.844958288,1
6.025710053,-4.029724808,1
5.79120543,-5.628771142,1
5.622055543,-5.172933919,1
6.68121348,-4.754250743,1
6.774385868,-4.732106132,1
6.309341885,-5.682969738,1
5.695627989,-5.343092629,1
5.015586236,-4.469824229,1
5.736923671,-5.886535086,1
6.780750703,-5.358274151,1
5.592069645,-4.029831765,1
6.261572379,-4.905540176,1
6.020324061,-5.156990954,1
6.244291625,-4.958124474,1
5.728990295,-4.806702752,1
6.494330993,-4.77442291,1
5.99292281,-4.233398549,1
6.575374755,-5.231867782,1
6.471209815,-4.596852601,1
6.519472692,-5.777377124,1
6.121358354,-5.271902884,1
5.351836069,-4.489914615,1
5.053109164,-4.834353624,1
6.247913908,-5.24727495,1
7.060745181,-4.164461666,1
5.813508769,-4.347527159,1
5.140071734,-4.440587863,1
5.328587701,-4.709414326,1
6.412519458,-3.660209998,1
5.378828256,-5.171549503,1
5.749550105,-4.767803964,1
6.962325061,-5.254997613,1
6.666438809,-3.542654363,1
6.537889239,-4.574956009,1
5.910439678,-5.338802141,1
6.158853092,-5.800098738,1
6.777849211,-4.729099,1
5.641790879,-5.76963537,1
7.389607294,-3.204339029,1
6.771977185,-4.600118252,1
6.255198255,-4.782564723,1
5.121988939,-5.221586642,1
5.987803258,-4.819051366,1
5.157516512,-5.697192517,1
5.695816936,-7.189247274,0
6.127957009,-4.022342509,1
6.756830578,-5.303121589,1
7.969938721,-4.622723713,1
5.858548891,-4.387097827,1
5.466149275,-5.676397291,1
7.026597177,-4.618928314,1
5.574045417,-6.047878649,1
5.695933608,-5.179665567,1
6.385204542,-5.141441284,1
4.52237556,-5.348716968,1
6.948407641,-4.931392589,1
5.975271203,-5.045649485,1
6.496686101,-3.316161395,1
5.404248379,-5.274995165,1
6.226176883,-5.163906386,1
7.306146516,-3.463072392,1
6.691600617,-4.478520329,1
6.243471054,-7.614322088,0
6.290983406,-5.24877445,1
5.693057862,-5.000505839,1
5.548503733,-4.408838653,1
5.528537225,-5.722289,1
5.598292952,-4.92389244,1
5.889578978,-4.785927593,1
6.343492794,-4.673065643,1
5.683030238,-6.341307784,1
5.864062237,-5.082403532,1
7.609078371,-4.404893644,1
5.481833636,-4.418795534,1
5.850689642,-4.843443719,1
5.933009024,-6.14509187,1
5.499560785,-4.669147675,1
5.551661439,-5.122353081,1
7.217414115,-3.624944239,1
5.449093781,-5.215582946,1
7.436815511,-5.209317514,1
6.011414398,-4.718448406,1
4.965574447,-5.174692431,1
5.766464408,-4.951182396,1
4.850715961,-5.789983374,1
4.355752319,-5.581263437,1
5.843321488,-5.475430188,1
6.559891263,-5.077505989,1
5.641011171,-4.960601212,1
6.294499633,-4.334924598,1
4.752684369,-5.103903628,1
6.314178673,-4.540125606,1
6.237642515,-5.669589795,1
4.793045115,-5.137126292,1
6.988332291,-4.660913506,1
6.733978396,-4.397030815,1
5.699777343,-5.239755963,1
4.755814491,-5.393661984,1
6.954235384,-4.638731453,1
7.042604555,-4.462649416,1
6.898624261,-3.805478506,1
5.999351234,-6.078461945,1
6.20084634,-5.034296064,1
5.849310656,-5.305713719,1
6.250861517,-5.891429974,1
5.190330596,-5.247928929,1
6.199109465,-5.24143922,1
6.405839689,-5.780022228,1
-3.481878507,-1.226368898,1
-6.192761649,1.328622194,1
-8.46675631,0.901856353,1
-4.222230991,0.154311165,1
-3.210811796,1.935285556,1
-3.212414422,1.679747506,1
-5.23834457,1.78511822,1
-5.490224882,1.673694604,1
-6.01371722,0.361736,1
-6.738872712,3.863342847,1
-5.734867636,1.259285094,1
-7.181377939,4.613207702,1
-7.441155951,1.681119398,1
-4.510272659,1.685481738,1
-5.609969897,2.209569024,1
-4.923153486,-1.813383206,1
-5.88679522,-0.44810878,1
-4.537158266,3.424261457,1
-4.902899853,1.781904612,1
-7.765324365,2.263603112,1
-6.361218246,2.725961526,1
-4.269875157,2.375417558,1
-6.059617976,-0.105946275,1
-6.863174207,3.520125356,1
-4.831314864,2.720180224,1
-7.480851607,3.578679487,1
-3.677969649,2.347661223,1
-5.762147276,2.978641659,1
-4.357918435,0.646966995,1
-6.126450186,1.231093018,1
-3.692701683,3.592616925,1
-5.310331222,2.472228217,1
-5.468954311,0.583683688,1
-6.317782933,0.689216299,1
-6.615045372,0.726221137,1
-5.831914742,-0.572323338,1
-6.891234987,2.22367013,1
-4.370114048,1.698274529,1
-8.635912258,-1.837613103,0
-5.491128649,3.34015159,1
-6.071425069,3.267825936,1
-1.984934153,1.895865789,1
-3.775404119,2.302690188,1
-5.055569948,0.826095787,1
-4.883507103,-0.265965782,1
-5.759390625,3.178278524,1
-3.929403559,2.663255577,1
-7.174413709,1.689601777,1
-2.653801498,1.206078673,1
-5.769941049,-0.275657283,1
-5.431285589,2.916644685,1
-10.67043972,0.871494469,0
-1.532029374,1.757772926,0
-3.528196666,-1.40204794,1
-5.986603768,1.653815618,1
-3.04116161,3.854942223,1
-7.054943524,2.276190754,1
-5.65580355,3.223814901,1
-5.988441033,2.59481566,1
-5.108151524,2.559344728,1
-5.789269631,3.128861343,1
-5.261363821,0.498181851,1
-4.51872954,0.134370615,1
-3.964240205,0.817572466,1
-3.518714703,3.425842887,1
-4.65758042,2.115324401,1
-6.769985466,2.620762099,1
-5.403235609,4.246815598,1
-5.643958212,1.841328381,1
-5.059405884,1.433865861,1
-5.356137311,4.613898567,1
-2.2987283,0.369018461,1
-7.995948059,2.08064887,1
-4.870957318,0.461088281,1
-7.574070709,1.508109356,1
-4.231080579,0.030438762,1
-5.417481679,0.359259098,1
-5.207435934,0.652916703,1
-4.517529546,2.590541298,1
-3.293886888,0.66847818,1
-6.470993805,3.351830232,1
-4.213146064,2.10238213,1
-4.884328977,4.098983636,1
-3.4441206,1.466568569,1
-4.255496619,3.303824806,1
-5.744190204,1.039044487,1
-5.477373613,0.675250266,1
-3.448487736,1.310069252,1
-5.878571295,1.372047141,1
-4.557533377,4.535353816,1
-4.931189682,1.398475595,1
-6.451084016,-0.741796474,1
-5.414425191,-0.469494092,1
-2.943244649,4.530544595,1
-3.489643236,4.135531526,1
-5.058957752,2.347166682,1
-3.842123792,0.929373073,1
-1.942530225,3.176937174,1
-2.052940494,3.845299312,1
-3.922696144,1.338083264,1
-5.393073719,2.35468884,1
-6.064195717,1.594318733,1
-5.003335948,2.127460363,1
-3.523851853,3.315460603,1
-2.22675725,1.265148329,1
-5.177043133,2.443076703,1
-4.284573867,0.648299832,1
-3.362981326,2.636127809,1
-5.580339239,1.150238294,1
-3.954241,1.178124554,1
-4.10855966,2.54937083,1
-5.814582787,0.66297194,1
-5.14925946,5.073067975,1
-4.419355523,1.827693898,1
-4.094788952,4.816842405,1
-5.977558595,-0.684041243,1
-3.898651785,0.509404865,1
-5.137854825,3.521934574,1
-6.606086152,1.928534323,1
-8.255227774,0.030411192,1
-3.456969283,2.986096831,1
-4.16498449,1.553479224,1
-4.690498799,0.45897925,1
-5.60074356,1.197838601,1
-5.454753334,4.118346007,1
-4.470862388,-0.372555501,1
-2.44691391,1.433698344,1
-5.837092384,2.235978452,1
-5.571558714,3.024303338,1
-4.949400989,3.476720297,1
-6.531166705,3.097475663,1
-5.381207496,3.539896485,1
-3.867335183,3.399010188,1
-4.071137363,2.543725754,1
-3.50187161,2.405018551,1
-5.395188853,3.219901673,1
-2.736272135,0.824805904,1
-4.79379308,0.831352513,1
-4.89500465,0.018443665,1
-2.808557994,1.554935648,1
-5.812029443,0.365845064,1
-5.705045872,2.212599031,1
-4.746240908,4.746060585,1
-4.327054642,2.736913891,1
-1.564657187,-0.766783413,0
-4.672452286,1.136210962,1
-5.315041531,2.673001586,1
-6.142543173,0.853515611,1
-5.645608052,4.484124887,1
-4.907685072,3.991687888,1
-4.288605994,1.525542991,1
-2.451361078,3.999270283,1
-5.412574669,1.181019111,1
-2.84140203,2.979715966,1
-4.578200208,4.04156835,1
-5.732157786,2.491155784,1
-4.95173959,0.768920463,1
-5.565047533,1.268816703,1
-4.263150234,1.642139217,1
-5.712917309,-0.187011005,1
-7.440631319,2.207533891,1
-5.714325855,3.609631639,1
-3.444075127,3.344873217,1
-5.116464036,0.802084742,1
-6.836123553,2.249679567,1
-4.404840711,1.300297528,1
-5.18683408,0.966720193,1
-3.558114392,3.035271669,1
-4.611548844,2.657266079,1
-6.141603158,2.959853076,1
-3.190885342,2.0272405,1
-5.873436599,0.208735092,1
-2.128796892,0.942346269,1
-6.44563131,4.579186746,1
-5.34143416,1.399004092,1
-5.447804368,5.441159176,1
-4.80707255,-1.247266594,1
-3.328165663,1.72007698,1
-6.479001163,1.118818405,1
-4.354704114,2.73415056,1
-2.879188727,1.446168582,1
-5.774502829,1.789166444,1
-6.648803312,-1.370384961,1
-6.689061056,3.599544688,1
-5.205060184,2.744412128,1
-6.599318996,-0.15224332,1
-8.453076913,3.141418443,1
-3.564436869,2.996193569,1
-3.437181715,1.73355246,1
-3.244775452,1.214688685,1
-5.186460915,1.367625378,1
-3.513347337,2.278351468,1
-5.227575383,3.501999376,1
-4.59453423,2.335257542,1
-6.732498705,2.129010022,1
-6.541934824,2.109076468,1
-5.518427895,2.753394155,1
-5.305549995,3.034008381,1
-4.084543173,-0.256555521,1
-4.828556062,-0.102603525,1
2.62001953,5.972480881,1
2.782410417,6.78627483,1
2.643965961,4.744494345,1
3.385918964,2.918019449,1
2.680697324,5.424235419,1
4.590752952,4.402720208,1
2.604220071,5.870819015,1
1.237988809,6.723439662,1
3.446281953,3.454468492,1
4.318207335,4.928319519,1
3.399957511,4.453996933,1
2.946137571,6.220570862,1
1.26616362,4.864586055,1
3.248513093,3.533994071,1
3.480263553,3.604929452,1
2.909905129,6.146530498,1
3.489908012,4.350551706,1
1.892908361,4.783502208,1
3.265202414,3.885950882,1
3.238317396,4.982839153,1
1.516994066,5.787092529,1
1.341438527,7.240084992,1
4.930064239,3.12203151,1
4.634273404,5.240146258,1
3.105423615,6.692108322,1
0.630660819,7.340513214,1
2.670944194,4.727063582,1
4.495081164,4.47886319,1
3.312509071,5.435372024,1
3.045249559,3.736047046,1
3.369455972,2.727703395,1
2.017976585,4.924034632,1
3.555133704,4.684437802,1
5.315541063,5.723446114,1
2.564050669,5.414436105,1
1.159300415,5.452494383,1
3.24339337,5.383133094,1
2.551870762,5.592070497,1
2.826905307,4.860331206,1
2.381814219,4.508527087,1
2.416565968,4.68328938,1
1.575460381,6.28569025,1
3.76495547,3.755825135,1
2.948797068,4.913040272,1
3.544761075,4.897666682,1
0.941169477,6.611444615,1
2.008666423,6.243426463,1
4.282272944,6.212770714,1
2.96428348,2.994952061,1
2.591390913,4.928336716,1
2.403320963,5.281797319,1
3.063329469,5.504810992,1
2.540959565,3.999720847,1
3.872894751,3.478448276,1
1.39865088,5.070491317,1
2.750790516,5.550955717,1
3.068915842,6.252649288,1
2.492720217,5.375055492,1
3.84748068,6.645270577,1
3.536909108,6.266842609,1
2.898617715,6.575655791,1
3.61891526,4.722528026,1
3.88753125,2.733458723,1
2.539977339,4.286732521,1
3.934384926,4.04011203,1
3.97009221,3.124518571,1
2.829235834,4.423120763,1
2.581932862,7.128029177,1
2.937085631,4.887417906,1
3.903153031,3.354970216,1
3.448085966,5.102368907,1
3.036875573,5.75985992,1
3.616472823,4.523673298,1
1.678895934,5.802697441,1
3.034951231,3.649772298,1
3.955676829,3.324118737,1
3.161095195,5.954812544,1
1.622876119,4.930849866,1
3.980596762,5.486948385,1
2.786412491,6.935289057,1
5.476478616,2.578677784,1
2.316942669,4.967395599,1
2.276112358,5.234936684,1
4.925745066,3.006451532,1
4.524110871,3.841778316,1
2.88888776,6.30563131,1
2.904776218,3.995262696,1
2.316040663,3.429371302,1
3.023708253,5.650020491,1
2.244424855,5.213619316,1
4.246448688,7.300555771,0
4.281953357,2.699823179,1
5.022115096,2.429069068,1
3.433777573,4.473325458,1
3.668345012,3.866810617,1
3.140403039,4.733350721,1
3.596137892,5.072514208,1
3.622919558,4.315286741,1
3.655483749,4.417520585,1
2.440318235,5.421384099,1
2.676042593,5.240509701,1
1.98447126,6.752388794,1
2.677351492,4.520731691,1
2.07826125,5.610859369,1
-0.637460112,6.776060544,0
2.739125184,4.481270145,1
2.810152733,5.54592542,1
3.928301983,5.683841718,1
3.154920379,2.652181787,1
0.587145302,5.752427543,1
3.655452637,4.32413318,1
4.3092752,4.614837733,1
3.211687403,4.174807155,1
3.86972608,4.085756191,1
4.488145246,5.049509839,1
1.90756561,7.348183414,1
4.300313884,4.805911401,1
2.012153751,4.210642991,1
2.968166108,5.001933161,1
3.244122431,4.767424629,1
3.264270088,4.941124294,1
2.434640118,5.336471455,1
3.662755727,3.905344608,1
4.243620483,3.297869051,1
3.403779385,6.250204068,1
3.929113161,4.890163882,1
4.709417228,5.26984393,1
3.389873004,4.098317055,1
3.333274268,5.029690451,1
1.084345988,6.590622454,1
2.696004313,5.392181678,1
2.289842838,6.505143677,1
3.927558314,4.504566581,1
3.35753941,3.547763972,1
3.148970579,5.029931508,1
2.551183462,5.809336723,1
2.591259777,6.200956899,1
2.507521283,4.0211986,1
0.826968019,7.313820528,1
1.354823876,6.612876191,1
3.199504752,5.51848026,1
3.380299506,4.253572191,1
2.143470059,5.696902024,1
1.555314989,5.121091066,1
3.743334946,4.971568792,1
2.917556745,5.379970296,1
2.537798082,4.942946459,1
2.101139551,3.667045578,1
2.331468786,5.663500319,1
2.676051808,5.034361863,1
2.437004796,5.62264081,1
1.31087532,5.772321206,1
3.376962569,4.720547465,1
4.468291065,4.462385373,1
2.014249514,5.205118536,1
3.072209373,5.07083536,1
3.930930132,3.868059935,1
1.744268759,5.056068506,1
3.530333687,5.537615369,1
2.800605769,4.643475777,1
2.243270759,5.204322416,1
2.238994811,5.90067616,1
3.407582188,5.464647799,1
3.126591927,4.325471896,1
2.313604398,6.819102965,1
1.92671772,6.037086747,1
-0.682542679,8.659093336,0
3.213041185,6.196008297,1
3.252661541,5.625393992,1
3.547042002,5.760774161,1
2.46026018,4.877933289,1
4.167714278,3.348962891,1
2.104486799,7.005191819,1
1.376729367,5.097101422,1
3.411880512,4.484855136,1
4.303122796,2.321143581,1
1.887391153,4.835253376,1
1.17537993,5.635304186,1
4.251331451,5.293409464,1
2.545296197,5.082428789,1
3.621351315,5.761010259,1
3.108416357,4.283313532,1
3.991355608,4.595947241,1
0.900209676,6.257963039,1
1.764629798,4.578355195,1
-0.614300777,6.322858778,0
1.984974233,5.201164173,1
2.634241814,6.613855526,1
2.61099045,6.059865178,1
3.254937816,5.859625457,1
2.424692154,6.378469223,1
2.775827345,4.009708035,1
2.14206225,4.514179396,1
2.352063151,6.979700487,1
1.982962497,5.109017244,1
0.532526302,5.612467018,1
2.407032929,5.444559177,1
3.176333373,4.512815393,1
2.389464723,4.659125231,1
2.332973987,4.762479436,1
5.70967399,-3.003085898,1
-0.64421175,-6.161736529,0
-5.708608464,-6.652895184,0
-9.859277452,7.407023208,0
-3.345894134,-7.684516171,0
-6.213277825,9.778575804,0
9.894067906,-6.240627295,0
-8.76925373,9.710904742,0
1.693813838,2.534065889,0
4.860188127,-5.535966745,1
-4.337716545,-1.883646357,1
-3.411359107,7.370876037,0
-1.094245757,-4.653307409,0
4.479201571,-6.510438006,0
-9.590093759,7.931570304,0
7.434147554,-3.601945918,1
0.092489375,5.236240146,0
-6.695035631,-6.464992673,0
-0.564879104,1.512347553,0
-5.24465018,7.416188335,0
-0.103633734,5.360977743,0
-6.509837843,-2.075037775,1
8.579396461,-3.763502506,0
-9.12462404,1.175069236,0
-5.79548236,-2.12826828,1
-9.389291378,-6.057413789,0
8.609520625,-8.140764553,0
2.741396478,8.799608382,0
0.757895685,1.472880244,0
6.600635415,-9.378416534,0
-4.72245784,8.913194174,0
-9.275046168,-0.291090757,0
-3.767467197,-3.623850443,0
-5.767552378,4.248594162,1
-9.782672292,-5.950260055,0
7.600889429,-9.62877437,0
5.72075482,-0.771222529,0
8.061612952,-1.587981433,0
-5.412925906,6.898093228,0
-7.09895446,8.113416415,0
0.398390647,-1.753747752,1
4.542365987,-9.397045053,0
-9.349803105,9.538325644,0
3.379081027,-7.636407102,0
2.13243017,7.197025502,1
-6.766897566,-9.639668749,0
-8.317536823,1.18284571,1
-8.110373747,-4.650154216,0
0.809024158,-5.278565069,0
0.509373015,6.924325903,1
5.25623865,3.673871867,1
-5.200006841,-1.223165756,1
9.156906633,8.596405201,0
-8.247485887,3.922356688,1
7.839450813,-8.439493529,0
8.936766577,-3.451967877,0
1.701680361,-7.618774045,0
-2.582062413,9.188144538,0
-2.643265529,2.168953791,1
-0.083270622,-1.200854774,0
6.162445592,8.728065793,0
4.80375398,1.803552532,1
-2.258132542,4.411421246,1
-1.035139328,1.567385551,0
-5.383408554,-8.476452585,0
-0.179348351,3.072508224,0
9.627230945,6.142303459,0
3.628962967,3.742734697,1
6.289221537,-6.575184963,1
-5.726595642,-4.744706345,0
-6.297809258,1.798319779,1
3.519707224,-0.151032126,0
5.458821016,4.699064395,1
3.224519971,-5.082931854,0
2.306247014,-3.026144882,0
-2.391442973,-9.667939967,0
3.594388892,-5.860985573,0
4.374088477,-1.505707805,0
-4.403699096,-4.055015859,0
6.871414995,7.098354781,0
-1.883902252,7.428013808,0
-3.937350404,-6.223026025,0
-6.601384799,-2.18993796,1
8.620829438,-6.736695673,0
-9.700924424,-8.554804814,0
-0.909990449,-0.433617285,0
-2.876028577,6.809407067,0
-3.724414571,1.516948347,1
4.913696358,-3.848749381,1
5.835485528,4.253215827,1
-6.464452636,1.242797691,1
-0.736130555,-4.974233704,0
9.995691036,5.678179739,0
-9.216997824,-8.775470355,0
-7.953347238,-6.163125415,0
2.538727066,-3.296378963,0
5.026889727,-7.055251179,0
-1.71868694,3.633562648,1
8.892965959,-8.432917693,0
-7.505791839,9.399839519,0
